{
  "base":"AME",
  "crypto":
  {
    "USDC":0.7890,
    "BTC":1.845329,
    "ETH":1.39432
  }
}
