{
  "base":"AME",
  "crypto":
  {
    "USDC":1.094769,
    "BTC":1.845329,
    "ETH":1.39432,
  }
}
